회차,당첨번호1,당첨번호2,당첨번호3,당첨번호4,당첨번호5,당첨번호6,보너스번호,1등당첨수,로또 총 구매금액,로또 판매 수 
1091,6,20,23,24,28,30,44,9,1.09336E+11,109335581
1090,12,19,21,29,40,45,1,11,1.08365E+11,108364862
1089,4,18,31,37,42,43,40,9,1.08726E+11,108725932
1088,11,21,22,30,39,44,31,11,1.09089E+11,109089305
1087,13,14,18,21,34,44,16,16,1.13961E+11,113960897
1086,11,16,25,27,35,36,37,17,1.0925E+11,109250306
1085,4,7,17,18,38,44,36,23,1.0625E+11,106249975
1084,8,12,13,29,33,42,5,15,1.09819E+11,109818924
1083,3,7,14,15,22,38,17,15,1.08995E+11,108995141
1082,21,26,27,32,34,42,31,7,1.07567E+11,107566880
1081,1,9,16,23,24,38,17,11,1.06974E+11,106974323
1080,13,16,23,31,36,44,38,7,1.04112E+11,104111986
1079,4,8,18,24,37,45,6,9,1.0312E+11,103120206
1078,6,10,11,14,36,38,43,12,1.05408E+11,105407618
1077,4,8,17,30,40,43,34,7,1.05927E+11,105927489
1076,3,7,9,33,36,37,10,9,1.03169E+11,103168694
1075,1,23,24,35,44,45,10,9,1.05635E+11,105635232
1074,1,6,20,27,28,41,15,12,1.05744E+11,105744157
1073,6,18,28,30,32,38,15,11,1.07352E+11,107352123
1072,16,18,20,23,32,43,27,12,1.08157E+11,108156654
1071,1,2,11,21,30,35,39,5,1.07363E+11,107362630
1070,3,6,14,22,30,41,36,14,1.07223E+11,107222802
1069,1,10,18,22,28,31,44,14,1.08389E+11,108388892
1068,4,7,19,26,33,35,3,19,1.08989E+11,108988932
1067,7,10,19,23,28,33,18,13,1.10703E+11,110703299
1066,6,11,16,19,21,32,45,15,1.06441E+11,106440950
1065,3,18,19,23,32,45,24,14,1.08182E+11,108181727
1064,3,6,9,18,22,35,14,19,1.09428E+11,109427584
1063,3,6,22,23,24,38,30,7,1.08347E+11,108347135
1062,20,31,32,40,41,45,12,7,1.0711E+11,107109911
1061,4,24,27,35,37,45,15,11,1.09909E+11,109909344
1060,3,10,24,33,38,45,36,28,1.10677E+11,110677185
1059,7,10,22,25,34,40,27,13,1.10847E+11,110846824
1058,11,23,25,30,32,40,42,13,1.12041E+11,112041382
1057,8,13,19,27,40,45,12,17,1.12524E+11,112523887
1056,13,20,24,32,36,45,29,14,1.1328E+11,113279615
1055,4,7,12,14,22,33,31,11,1.12488E+11,112488256
1054,14,19,27,28,30,45,33,9,1.13661E+11,113660567
1053,22,26,29,30,34,45,15,7,1.13722E+11,113721665
1052,5,17,26,27,35,38,1,11,1.07565E+11,107565461
1051,21,26,30,32,33,35,44,18,1.19244E+11,119243907
1050,6,12,31,35,38,43,17,17,1.08073E+11,108072602
1049,3,5,13,20,21,37,17,15,1.08445E+11,108444724
1048,6,12,17,21,32,39,30,17,1.17324E+11,117323901
1047,2,20,33,40,42,44,32,9,1.03058E+11,103058179
1046,7,16,25,29,35,36,28,12,1.00924E+11,100923993
1045,6,14,15,19,21,41,37,13,1.0538E+11,105380282
1044,12,17,20,26,28,36,4,8,1.02892E+11,102891973
1043,3,5,12,22,26,31,19,17,1.07046E+11,107045942
1042,5,14,15,23,34,43,4,20,1.0651E+11,106510259
1041,6,7,9,11,17,18,45,25,1.05302E+11,105301601
1040,8,16,26,29,31,36,11,7,1.04007E+11,104007239
1039,2,3,6,19,36,39,26,16,1.05259E+11,105259066
1038,7,16,24,27,37,44,2,15,1.04932E+11,104932409
1037,2,14,15,22,27,33,31,15,1.0484E+11,104840173
1036,2,5,22,32,34,45,39,9,1.03754E+11,103753936
1035,9,14,34,35,41,42,2,8,1.0676E+11,106759523
1034,26,31,32,33,38,40,11,9,1.0715E+11,107150089
1033,3,11,15,20,35,44,10,13,1.04642E+11,104642258
1032,1,6,12,19,36,42,28,10,1.10907E+11,110907011
1031,6,7,22,32,35,36,19,8,1.04316E+11,104316078
1030,2,5,11,17,24,29,9,19,1.049E+11,104899923
1029,12,30,32,37,39,41,24,10,1.01336E+11,101336312
1028,5,7,12,13,18,35,23,20,1.00614E+11,100613537
1027,14,16,27,35,39,45,5,10,1.01195E+11,101195159
1026,5,12,13,31,32,41,34,15,1.01556E+11,101556379
1025,8,9,20,25,29,33,7,4,1.01319E+11,101318529
1024,9,18,20,22,38,44,10,8,1.00081E+11,100081038
1023,10,14,16,18,29,35,25,9,1.004E+11,100399659
1022,5,6,11,29,42,45,28,5,99233031000,99233031
1021,12,15,17,24,29,45,16,12,1.0196E+11,101960162
1020,12,27,29,38,41,45,6,13,1.04996E+11,104996396
1019,1,4,13,17,34,39,6,50,1.02805E+11,102804882
1018,3,19,21,25,37,45,35,2,1.01152E+11,101151805
1017,12,18,22,23,30,34,32,7,1.01383E+11,101382790
1016,15,26,28,34,41,42,44,11,1.01583E+11,101583153
1015,14,23,31,33,37,40,44,8,1.02563E+11,102562683
1014,3,11,14,18,26,27,21,10,1.02396E+11,102396369
1013,21,22,26,34,36,41,32,5,1.01748E+11,101747653
1012,5,11,18,20,35,45,3,13,1.01948E+11,101948323
1011,1,9,12,26,35,38,42,11,1.01799E+11,101799373
1010,9,12,15,25,34,36,3,8,1.03012E+11,103011505
1009,15,23,29,34,40,44,20,15,1.03771E+11,103771363
1008,9,11,30,31,41,44,33,11,1.03727E+11,103727042
1007,8,11,16,19,21,25,40,9,1.0153E+11,101530003
1006,8,11,15,16,17,37,36,9,1.04542E+11,104542431
1005,8,13,18,24,27,29,17,12,1.03755E+11,103755249
1004,7,15,30,37,39,44,18,10,1.06112E+11,106112471
1003,1,4,29,39,43,45,31,14,1.03479E+11,103479378
1002,17,25,33,35,38,45,15,8,1.05795E+11,105795484
1001,6,10,12,14,20,42,15,12,"103,967,487,000",103967487
1000,2,8,19,22,32,42,39,22,1.18629E+11,118628811
999,1,3,9,14,18,28,34,16,1.02581E+11,102581351
998,13,17,18,20,42,45,41,12,1.01682E+11,101681869
997,4,7,14,16,24,44,20,19,1.02432E+11,102431961
996,6,11,15,24,32,39,28,18,1.12624E+11,112624327
995,1,4,13,29,38,39,7,7,1.00878E+11,100878455
994,1,3,8,24,27,35,28,12,95530936000,95530936
993,6,14,16,18,24,42,44,6,99323653000,99323653
992,12,20,26,33,44,45,24,12,97066498000,97066498
991,13,18,25,31,33,44,38,8,98026282000,98026282
990,2,4,25,26,36,37,28,14,99567047000,99567047
989,17,18,21,27,29,33,26,4,96525658000,96525658
988,2,13,20,30,31,41,27,9,98606195000,98606195
987,2,4,15,23,29,38,7,10,1.0027E+11,100269530
986,7,10,16,28,41,42,40,10,99041240000,99041240
985,17,21,23,30,34,44,19,10,98811446000,98811446
984,3,10,23,35,36,37,18,7,98762367000,98762367
983,13,23,26,31,35,43,15,10,1.01899E+11,101899006
982,5,7,13,20,21,44,33,8,1.01344E+11,101344251
981,27,36,37,41,43,45,32,13,1.05645E+11,105645424
980,3,13,16,23,24,35,14,7,99593380000,99593380
979,7,11,16,21,27,33,24,14,99507886000,99507886
978,1,7,15,32,34,42,8,10,98855197000,98855197
977,2,9,10,14,22,44,16,14,95895844000,95895844
976,4,12,14,25,35,37,2,7,97492178000,97492178
975,7,8,9,17,22,24,5,9,94253719000,94253719
974,1,2,11,16,39,44,32,17,94146055000,94146055
973,22,26,31,37,41,42,24,8,93953872000,93953872
972,3,6,17,23,37,39,26,20,93916813000,93916813
971,2,6,17,18,21,26,7,6,94471924000,94471924
970,9,11,16,21,28,36,5,14,93268371000,93268371
969,3,9,10,29,40,45,7,20,96728751000,96728751
968,2,5,12,14,24,39,33,13,95924229000,95924229
967,1,6,13,37,38,40,9,4,94515565000,94515565
966,1,21,25,29,34,37,36,10,95640447000,95640447
965,2,13,25,28,29,36,34,7,96174650000,96174650
964,6,21,36,38,39,43,30,10,95549895000,95549895
963,6,12,19,23,34,42,35,15,95452215000,95452215
962,1,18,28,31,34,43,40,12,95956365000,95956365
961,11,20,29,31,33,42,43,9,97153309000,97153309
960,2,18,24,30,32,45,14,10,98784879000,98784879
959,1,14,15,24,40,41,35,8,97435835000,97435835
958,2,9,10,16,35,37,1,15,98635947000,98635947
957,4,15,24,35,36,40,1,11,96654698000,96654698
956,10,11,20,21,25,41,40,11,97065255000,97065255
955,4,9,23,26,29,33,8,12,99784736000,99784736
954,1,9,26,28,30,41,32,10,1.01455E+11,101455314
953,7,9,22,27,37,42,34,14,99180891000,99180891
952,4,12,22,24,33,41,38,9,1.02356E+11,102355646
951,2,12,30,31,39,43,38,14,1.02937E+11,102937006
950,3,4,15,22,28,40,10,8,1.08871E+11,108870714
949,14,21,35,36,40,44,30,10,1.00519E+11,100518909
948,13,18,30,31,38,41,5,11,1.00519E+11,100519459
947,3,8,17,20,27,35,26,18,99449916000,99449916
946,9,18,19,30,34,40,20,11,99380178000,99380178
945,9,10,15,30,33,37,26,13,94837109000,94837109
944,2,13,16,19,32,33,42,13,1.07181E+11,107181377
943,1,8,13,36,44,45,39,7,1.00081E+11,100081432
942,10,12,18,35,42,43,39,6,92731965000,92731965
941,12,14,25,27,39,40,35,16,94867600000,94867600
940,3,15,20,22,24,41,11,8,93920183000,93920183
939,4,11,28,39,42,45,6,13,93340002000,93340002
938,4,8,10,16,31,36,9,10,93452425000,93452425
937,2,10,13,22,29,40,26,11,93720454000,93720454
936,7,11,13,17,18,29,43,14,92246146000,92246146
935,4,10,20,32,38,44,18,13,93934898000,93934898
934,1,3,30,33,36,39,12,4,93028347000,93028347
933,23,27,29,31,36,45,37,8,93484851000,93484851
932,1,6,15,36,37,38,5,7,96049289000,96049289
931,14,15,23,25,35,43,32,8,95695802000,95695802
930,8,21,25,38,39,44,28,8,94518415000,94518415
929,7,9,12,15,19,23,4,16,92344620000,92344620
928,3,4,10,20,28,44,30,7,90818982000,90818982
927,4,15,22,38,41,43,26,6,91067752000,91067752
926,10,16,18,20,25,31,6,10,88372251000,88372251
925,13,24,32,34,39,42,4,12,87901067000,87901067
924,3,11,34,42,43,44,13,9,87708256000,87708256
923,3,17,18,23,36,41,26,8,87867402000,87867402
922,2,6,13,17,27,43,36,6,89266682000,89266682
921,5,7,12,22,28,41,1,17,89888341000,89888341
920,2,3,26,33,34,43,29,7,89805177000,89805177
919,9,14,17,18,42,44,35,5,90218056000,90218056
918,7,11,12,31,33,38,5,18,89200857000,89200857
917,1,3,23,24,27,43,34,10,88950867000,88950867
916,6,21,22,32,35,36,17,11,89133044000,89133044
915,2,6,11,13,22,37,14,6,87862418000,87862418
914,16,19,24,33,42,44,27,11,89558503000,89558503
913,6,14,16,21,27,37,40,16,89336949000,89336949
912,5,8,18,21,22,38,10,14,88599155000,88599155
911,4,5,12,14,32,42,35,10,89332410000,89332410
910,1,11,17,27,35,39,31,21,86308857000,86308857
909,7,24,29,30,34,35,33,11,89543261000,89543261
908,3,16,21,22,23,44,30,8,89923601000,89923601
907,21,27,29,38,40,44,37,7,89331282000,89331282
906,2,5,14,28,31,32,20,9,90948274000,90948274
905,3,4,16,27,38,40,20,7,90357634000,90357634
904,2,6,8,26,43,45,11,8,88938220000,88938220
903,2,15,16,21,22,28,45,13,88625160000,88625160
902,7,19,23,24,36,39,30,13,87501981000,87501981
901,5,18,20,23,30,34,21,9,84783962000,84783962
900,7,13,16,18,35,38,14,6,83639372000,83639372
899,8,19,20,21,33,39,37,6,85877347000,85877347
898,18,21,28,35,37,42,17,8,90067839000,90067839
897,6,7,12,22,26,36,29,13,88231474000,88231474
896,5,12,25,26,38,45,23,7,90461998000,90461998
895,16,26,31,38,39,41,23,12,96962255000,96962255
894,19,32,37,40,41,43,45,9,88465183000,88465183
893,1,15,17,23,25,41,10,9,87661567000,87661567
892,4,9,17,18,26,42,36,17,93091115000,93091115
891,9,13,28,31,39,41,19,7,89742677000,89742677
890,1,4,14,18,29,37,6,9,86693498000,86693498
889,3,13,29,38,39,42,26,10,86734222000,86734222
888,3,7,12,31,34,38,32,8,82777313000,82777313
887,8,14,17,27,36,45,10,8,84416872000,84416872
886,19,23,28,37,42,45,2,7,84186094000,84186094
885,1,3,24,27,39,45,31,13,83396319000,83396319
884,4,14,23,28,37,45,17,12,86554613000,86554613
883,9,18,32,33,37,44,22,15,85624171000,85624171
882,18,34,39,43,44,45,23,5,84351602000,84351602
881,4,18,20,26,27,32,9,8,84495552000,84495552
880,7,17,19,23,24,45,38,7,83862502000,83862502
879,1,4,10,14,15,35,20,6,83174251000,83174251
878,2,6,11,16,25,31,3,6,84183676000,84183676
877,5,17,18,22,23,43,12,12,84584730000,84584730
876,5,16,21,26,34,42,24,19,85088368000,85088368
875,19,22,30,34,39,44,36,14,80635281000,80635281
874,1,15,19,23,28,42,32,18,82990138000,82990138
873,3,5,12,13,33,39,38,10,82375586000,82375586
872,2,4,30,32,33,43,29,16,81002518000,81002518
871,2,6,12,26,30,34,38,7,79527502000,79527502
870,21,25,30,32,40,42,31,10,78688663000,78688663
869,2,6,20,27,37,39,4,10,80268389000,80268389
868,12,17,28,41,43,44,25,6,80549078000,80549078
867,14,17,19,22,24,40,41,5,81607190000,81607190
866,9,15,29,34,37,39,12,9,81961886000,81961886
865,3,15,22,32,33,45,2,13,81748217000,81748217
864,3,7,10,13,25,36,32,11,82220290000,82220290
863,16,21,28,35,39,43,12,7,81288540000,81288540
862,10,34,38,40,42,43,32,9,80609005000,80609005
861,11,17,19,21,22,25,24,4,81032551000,81032551
860,4,8,18,25,27,32,42,10,81846672000,81846672
859,8,22,35,38,39,41,24,11,80944223000,80944223
858,9,13,32,38,39,43,23,9,81366889000,81366889
857,6,10,16,28,34,38,43,15,80933117000,80933117
856,10,24,40,41,43,44,17,5,80496424000,80496424
855,8,15,17,19,43,44,7,9,82374732000,82374732
854,20,25,31,32,36,43,3,6,81823338000,81823338
853,2,8,23,26,27,44,13,7,82244370000,82244370
852,11,17,28,30,33,35,9,4,81470793000,81470793
851,14,18,22,26,31,44,40,8,81099116000,81099116
850,16,20,24,28,36,39,5,6,81474176000,81474176
849,5,13,17,29,34,39,3,17,82333674000,82333674
848,1,2,16,22,38,39,34,7,84523266000,84523266
847,12,16,26,28,30,42,22,8,83782512000,83782512
846,5,18,30,41,43,45,13,13,83936839000,83936839
845,1,16,29,33,40,45,6,11,83884034000,83884034
844,7,8,13,15,33,45,18,18,87805610000,87805610
843,19,21,30,33,34,42,4,5,81857498000,81857498
842,14,26,32,36,39,42,38,10,81957444000,81957444
841,5,11,14,30,33,38,24,17,81580789000,81580789
840,2,4,11,28,29,43,27,10,84057771000,84057771
839,3,9,11,12,13,19,35,13,79219710000,79219710
838,9,14,17,33,36,38,20,5,79414484000,79414484
837,2,25,28,30,33,45,6,6,76614176000,76614176
836,1,9,11,14,26,28,19,14,74536697000,74536697
835,9,10,13,28,38,45,35,15,77694435000,77694435
834,6,8,18,35,42,43,3,11,75941791000,75941791
833,12,18,30,39,41,42,19,8,77738402000,77738402
832,13,14,19,26,40,43,30,9,77411900000,77411900
831,3,10,16,19,31,39,9,16,77622753000,77622753
830,5,6,16,18,37,38,17,9,77714000000,77714000
829,4,5,31,35,43,45,29,8,77998807000,77998807
828,4,7,13,29,31,39,18,13,77552827000,77552827
827,5,11,12,29,33,44,14,15,76490125000,76490125
826,13,16,24,25,33,36,42,9,78218740000,78218740
825,8,15,21,31,33,38,42,12,82890578000,82890578
824,7,9,24,29,34,38,26,15,78257422000,78257422
823,12,18,24,26,39,40,15,9,77400124000,77400124
822,9,18,20,24,27,36,12,3,75681739000,75681739
821,1,12,13,24,29,44,16,14,76118239000,76118239
820,10,21,22,30,35,42,6,4,75744571000,75744571
819,16,25,33,38,40,45,15,7,74578907000,74578907
818,14,15,25,28,29,30,3,13,71793353000,71793353
817,3,9,12,13,25,43,34,9,72552766000,72552766
816,12,18,19,29,31,39,7,8,72397826000,72397826
815,17,21,25,26,27,36,4,7,73416400000,73416400
814,2,21,28,38,42,45,30,6,74316543000,74316543
813,11,30,34,35,42,44,27,4,73394947000,73394947
812,1,3,12,14,16,43,10,6,74147816000,74147816
811,8,11,19,21,36,45,25,7,74570813000,74570813
810,5,10,13,21,39,43,11,8,74388355000,74388355
809,6,11,15,17,23,40,39,6,74214104000,74214104
808,15,21,31,32,41,43,24,6,74911438000,74911438
807,6,10,18,25,34,35,33,7,73831580000,73831580
806,14,20,23,31,37,38,27,7,74030583000,74030583
805,3,12,13,18,31,32,42,4,73065981000,73065981
804,1,10,13,26,32,36,9,11,74557028000,74557028
803,5,9,14,26,30,43,2,5,75670793000,75670793
802,10,11,12,18,24,42,27,16,75146781000,75146781
801,17,25,28,37,43,44,2,8,74034792000,74034792
800,1,4,10,12,28,45,26,11,76994062000,76994062
799,12,17,23,34,42,45,33,10,76708986000,76708986
798,2,10,14,22,32,36,41,7,77038759000,77038759
797,5,22,31,32,39,45,36,8,77339940000,77339940
796,1,21,26,36,40,41,5,7,77685943000,77685943
795,3,10,13,26,34,38,36,11,79661342000,79661342
794,6,7,18,19,30,38,13,7,79941579000,79941579
793,10,15,21,35,38,43,31,5,76177477000,76177477
792,2,7,19,25,29,36,16,7,76339003000,76339003
791,2,10,12,31,33,42,32,14,74205844000,74205844
790,3,8,19,27,30,41,12,16,78978881000,78978881
789,2,6,7,12,19,45,38,15,76136603000,76136603
788,2,10,11,19,35,39,29,13,78121882000,78121882
787,5,6,13,16,27,28,9,6,79593923000,79593923
786,12,15,16,20,24,30,38,4,75930156000,75930156
785,4,6,15,25,26,33,40,6,72974563000,72974563
784,3,10,23,24,31,39,22,9,74311382000,74311382
783,14,15,16,17,38,45,36,4,73525256000,73525256
782,6,18,31,34,38,45,20,9,72253973000,72253973
781,11,16,18,19,24,39,43,9,72483157000,72483157
780,15,17,19,21,27,45,16,11,74232084000,74232084
779,6,12,19,24,34,41,4,11,73773676000,73773676
778,6,21,35,36,37,41,11,3,75075606000,75075606
777,6,12,17,21,34,37,18,21,75534360000,75534360
776,8,9,18,21,28,40,20,7,74826082000,74826082
775,11,12,29,33,38,42,17,5,70795452000,70795452
774,12,15,18,28,34,42,9,11,77347021000,77347021
773,8,12,19,21,31,35,44,11,74560597000,74560597
772,5,6,11,14,21,41,32,10,74375369000,74375369
771,6,10,17,18,21,29,30,4,73545939000,73545939
770,1,9,12,23,39,43,34,8,74166379000,74166379
769,5,7,11,16,41,45,4,9,72873431000,72873431
768,7,27,29,30,38,44,4,13,72306975000,72306975
767,5,15,20,31,34,42,22,15,71285599000,71285599
766,9,30,34,35,39,41,21,8,69500769000,69500769
765,1,3,8,12,42,43,33,15,70972360000,70972360
764,7,22,24,31,34,36,15,7,70318932000,70318932
763,3,8,16,32,34,43,10,8,70652100000,70652100
762,1,3,12,21,26,41,16,10,70558895000,70558895
761,4,7,11,24,42,45,30,7,71415903000,71415903
760,10,22,27,31,42,43,12,8,72200797000,72200797
759,9,33,36,40,42,43,32,6,72632208000,72632208
758,5,9,12,30,39,43,24,8,71764259000,71764259
757,6,7,11,17,33,44,1,21,71053002000,71053002
756,10,14,16,18,27,28,4,5,70992946000,70992946
755,13,14,26,28,30,36,37,8,71300635000,71300635
754,2,8,17,24,29,31,32,5,70765850000,70765850
753,2,17,19,24,37,41,3,6,68915001000,68915001
752,4,16,20,33,40,43,7,9,71600822000,71600822
751,3,4,16,20,28,44,17,8,71534233000,71534233
750,1,2,15,19,24,36,12,7,72248100000,72248100
749,12,14,24,26,34,45,41,13,72252889000,72252889
748,3,10,13,22,31,32,29,9,72750277000,72750277
747,7,9,12,14,23,28,17,9,73337880000,73337880
746,3,12,33,36,42,45,25,9,74239579000,74239579
745,1,2,3,9,12,23,10,20,73575119000,73575119
744,10,15,18,21,34,41,43,15,73507293000,73507293
743,15,19,21,34,41,44,10,7,73436852000,73436852
742,8,10,13,36,37,40,6,16,73857792000,73857792
741,5,21,27,34,44,45,16,6,74392585000,74392585
740,4,8,9,16,17,19,31,18,75186520000,75186520
739,7,22,29,33,34,35,30,4,77999661000,77999661
738,23,27,28,38,42,43,36,11,71768122000,71768122
737,13,15,18,24,27,41,11,4,70775944000,70775944
736,2,11,17,18,21,27,6,5,73510203000,73510203
735,5,10,13,27,37,41,4,10,77488209000,77488209
734,6,16,37,38,41,45,18,9,71457582000,71457582
733,11,24,32,33,35,40,13,4,69321488000,69321488
732,2,4,5,17,27,32,43,7,68645948000,68645948
731,2,7,13,25,42,45,39,7,69239673000,69239673
730,4,10,14,15,18,22,39,8,66934105000,66934105
729,11,17,21,26,36,45,16,4,68784161000,68784161
728,3,6,10,30,34,37,36,5,68306112000,68306112
727,7,8,10,19,21,31,20,14,67559139000,67559139
726,1,11,21,23,34,44,24,14,68799295000,68799295
725,6,7,19,21,41,43,38,11,70208676000,70208676
724,2,8,33,35,37,41,14,12,69987274000,69987274
723,20,30,33,35,36,44,22,8,67750231000,67750231
722,12,14,21,30,39,43,45,4,69446489000,69446489
721,1,28,35,41,43,44,31,8,71627567000,71627567
720,1,12,29,34,36,37,41,14,69939090000,69939090
719,4,8,13,19,20,43,26,9,71378392000,71378392
718,4,11,20,23,32,39,40,17,69400763000,69400763
717,2,11,19,25,28,32,44,6,68597839000,68597839
716,2,6,13,16,29,30,21,12,67040169000,67040169
715,2,7,27,33,41,44,10,6,65794607000,65794607
714,1,7,22,33,37,40,20,7,64099989000,64099989
713,2,5,15,18,19,23,44,9,64646552000,64646552
712,17,20,30,31,33,45,19,4,66136318000,66136318
711,11,15,24,35,37,45,42,7,66152746000,66152746
710,3,4,9,24,25,33,10,5,65083972000,65083972
709,10,18,30,36,39,44,32,14,65592504000,65592504
708,2,10,16,19,34,45,1,4,66806307000,66806307
707,2,12,19,24,39,44,35,12,66813924000,66813924
706,3,4,6,10,28,30,37,4,65723488000,65723488
705,1,6,17,22,28,45,23,4,65859843000,65859843
704,1,4,8,23,33,42,45,4,65930117000,65930117
703,10,28,31,33,41,44,21,5,65728988000,65728988
702,3,13,16,24,26,29,9,11,66219854000,66219854
701,3,10,14,16,36,38,35,10,64454138000,64454138
700,11,23,28,29,30,44,13,8,66846276000,66846276
699,4,5,8,16,21,29,3,8,66743146000,66743146
698,3,11,13,21,33,37,18,8,66283268000,66283268
697,2,5,8,11,33,39,31,10,66966141000,66966141
696,1,7,16,18,34,38,21,10,67542971000,67542971
695,4,18,26,33,34,38,14,11,67672085000,67672085
694,7,15,20,25,33,43,12,10,67533257000,67533257
693,1,6,11,28,34,42,30,10,67352935000,67352935
692,3,11,14,15,32,36,44,7,66390499000,66390499
691,15,27,33,35,43,45,16,6,68590328000,68590328
690,24,25,33,34,38,39,43,15,69142025000,69142025
689,7,17,19,30,36,38,34,7,67460147000,67460147
688,5,15,22,23,34,35,2,9,73095612000,73095612
687,1,8,10,13,28,42,45,6,68044669000,68044669
686,7,12,15,24,25,43,13,8,65274010000,65274010
685,6,7,12,28,38,40,18,11,69126675000,69126675
684,1,11,15,17,25,39,40,9,66623887000,66623887
683,6,13,20,27,28,40,15,16,71940091000,71940091
682,17,23,27,35,38,43,2,4,66757858000,66757858
681,21,24,27,29,43,44,7,6,63268253000,63268253
680,4,10,19,29,32,42,30,14,64245201000,64245201
679,3,5,7,14,26,34,35,5,62220918000,62220918
678,4,5,6,12,25,37,45,6,60887293000,60887293
677,12,15,24,36,41,44,42,8,62267624000,62267624
676,1,8,17,34,39,45,27,8,62147642000,62147642
675,1,8,11,15,18,45,7,4,60458623000,60458623
674,9,10,14,25,27,31,11,8,61386974000,61386974
673,7,10,17,29,33,44,5,10,63163578000,63163578
672,8,21,28,31,36,45,43,9,63542330000,63542330
671,7,9,10,13,31,35,24,4,63940807000,63940807
670,11,18,26,27,40,41,25,12,62242687000,62242687
669,7,8,20,29,33,38,9,6,67952211000,67952211
668,12,14,15,24,27,32,3,5,63346405000,63346405
667,15,17,25,37,42,43,13,7,63421632000,63421632
666,2,4,6,11,17,28,16,6,62652917000,62652917
665,5,6,11,17,38,44,13,4,61885874000,61885874
664,10,20,33,36,41,44,5,10,61921689000,61921689
663,3,5,8,19,38,42,20,7,61100704000,61100704
662,5,6,9,11,15,37,26,8,59164542000,59164542
661,2,3,12,20,27,38,40,8,59597375000,59597375
660,4,9,23,33,39,44,14,10,60813322000,60813322
659,7,18,19,27,29,42,45,11,61677747000,61677747
658,8,19,25,28,32,36,37,9,61131243000,61131243
657,10,14,19,39,40,43,23,9,61769837000,61769837
656,3,7,14,16,31,40,39,2,61328118000,61328118
655,7,37,38,39,40,44,18,9,60434801000,60434801
654,16,21,26,31,36,43,6,8,60697813000,60697813
653,5,6,26,27,38,39,1,14,59716037000,59716037
652,3,13,15,40,41,44,20,5,60426977000,60426977
651,11,12,16,26,29,44,18,8,61494891000,61494891
650,3,4,7,11,31,41,35,5,60991082000,60991082
649,3,21,22,33,41,42,20,5,60473178000,60473178
648,13,19,28,37,38,43,4,7,60874405000,60874405
647,5,16,21,23,24,30,29,7,62314338000,62314338
646,2,9,24,41,43,45,30,7,62308090000,62308090
645,1,4,16,26,40,41,31,4,62661756000,62661756
644,5,13,17,23,28,36,8,8,61846599000,61846599
643,15,24,31,32,33,40,13,6,63110068000,63110068
642,8,17,18,24,39,45,32,12,63544224000,63544224
641,11,18,21,36,37,43,12,8,63773134000,63773134
640,14,15,18,21,26,35,23,9,64080502000,64080502
639,6,15,22,23,25,32,40,4,66202599000,66202599
638,7,18,22,24,31,34,6,7,64319586000,64319586
637,3,16,22,37,38,44,23,4,63504865000,63504865
636,6,7,15,16,20,31,26,8,62786394000,62786394
635,11,13,25,26,29,33,32,8,62429621000,62429621
634,4,10,11,12,20,27,38,13,63149567000,63149567
633,9,12,19,20,39,41,13,12,62015797000,62015797
632,15,18,21,32,35,44,6,11,63066603000,63066603
631,1,2,4,23,31,34,8,4,65300621000,65300621
630,8,17,21,24,27,31,15,3,61335894000,61335894
629,19,28,31,38,43,44,1,5,57618701000,57618701
628,1,7,12,15,23,42,11,9,57253109000,57253109
627,2,9,22,25,31,45,12,10,55981334000,55981334
626,13,14,26,33,40,43,15,8,58986187000,58986187
625,3,6,7,20,21,39,13,5,58614979000,58614979
624,1,7,19,26,27,35,16,5,57832726000,57832726
623,7,13,30,39,41,45,25,8,58504142000,58504142
622,9,15,16,21,28,34,24,9,59601329000,59601329
621,1,2,6,16,19,42,9,6,59407216000,59407216
620,2,16,17,32,39,45,40,7,58342777000,58342777
619,6,8,13,30,35,40,21,3,58822925000,58822925
618,8,16,25,30,42,43,15,5,58550803000,58550803
617,4,5,11,12,24,27,28,8,58958123000,58958123
616,5,13,18,23,40,45,3,9,60303360000,60303360
615,10,17,18,19,23,27,35,9,59072378000,59072378
614,8,21,25,39,40,44,18,6,62301977000,62301977
613,7,8,11,16,41,44,35,9,57986249000,57986249
612,6,9,18,19,25,33,40,11,56931314000,56931314
611,2,22,27,33,36,37,14,4,57411079000,57411079
610,14,18,20,23,28,36,33,4,56862756000,56862756
609,4,8,27,34,39,40,13,2,54858201000,54858201
608,4,8,18,19,39,44,41,7,56146117000,56146117
607,8,14,23,36,38,39,13,4,56806213000,56806213
606,1,5,6,14,20,39,22,10,56928896000,56928896
605,1,2,7,9,10,38,42,9,56622924000,56622924
604,2,6,18,21,33,34,30,11,56266399000,56266399
603,2,19,25,26,27,43,28,4,56276650000,56276650
602,13,14,22,27,30,38,2,8,56262855000,56262855
601,2,16,19,31,34,35,37,9,55868455000,55868455
600,5,11,14,27,29,36,44,15,56372519000,56372519
599,5,12,17,29,34,35,27,8,57381791000,57381791
598,4,12,24,33,38,45,22,16,57518550000,57518550
597,8,10,23,24,35,43,37,13,56832361000,56832361
596,3,4,12,14,25,43,17,10,56561071000,56561071
595,8,24,28,35,38,40,5,8,57797288000,57797288
594,2,8,13,25,28,37,3,11,57764442000,57764442
593,9,10,13,24,33,38,28,9,59368204000,59368204
592,2,5,6,13,28,44,43,6,58097477000,58097477
591,8,13,14,30,38,39,5,5,59373946000,59373946
590,20,30,36,38,41,45,23,7,60003131000,60003131
589,6,8,28,33,38,39,22,7,60643729000,60643729
588,2,8,15,22,25,41,30,5,59533101000,59533101
587,14,21,29,31,32,37,17,3,59715499000,59715499
586,2,7,12,15,21,34,5,8,59502096000,59502096
585,6,7,10,16,38,41,4,9,60253002000,60253002
584,7,18,30,39,40,41,36,3,61343856000,61343856
583,8,17,27,33,40,44,24,11,62675295000,62675295
582,2,12,14,33,40,41,25,4,59306953000,59306953
581,3,5,14,20,42,44,33,8,60257457000,60257457
580,5,7,9,11,32,35,33,7,60514216000,60514216
579,5,7,20,22,37,42,39,11,63532871000,63532871
578,5,12,14,32,34,42,16,5,58584741000,58584741
577,16,17,22,31,34,37,33,3,57010827000,57010827
576,10,11,15,25,35,41,13,3,54691148000,54691148
575,2,8,20,30,33,34,6,8,56330738000,56330738
574,14,15,16,19,25,43,2,2,55882933000,55882933
573,2,4,20,34,35,43,14,8,56092721000,56092721
572,3,13,18,33,37,45,1,8,56473602000,56473602
571,11,18,21,26,38,43,29,7,56493528000,56493528
570,1,12,26,27,29,33,42,9,57654279000,57654279
569,3,6,13,23,24,35,1,4,58441902000,58441902
568,1,3,17,20,31,44,40,10,57681628000,57681628
567,1,10,15,16,32,41,28,6,57439471000,57439471
566,4,5,6,25,26,43,41,4,57666611000,57666611
565,4,10,18,27,40,45,38,8,59556622000,59556622
564,14,19,25,26,27,34,2,7,58012468000,58012468
563,5,10,16,17,31,32,21,7,57320132000,57320132
562,4,11,13,17,20,31,33,11,56288212000,56288212
561,5,7,18,37,42,45,20,5,56638383000,56638383
560,1,4,20,23,29,45,28,7,56565298000,56565298
559,11,12,25,32,44,45,23,7,55733418000,55733418
558,12,15,19,26,40,43,29,10,54939001000,54939001
557,4,20,26,28,35,40,31,7,55086560000,55086560
556,12,20,23,28,30,44,43,7,57374791000,57374791
555,11,17,21,24,26,36,12,8,57273817000,57273817
554,13,14,17,32,41,42,6,2,56124466000,56124466
553,2,7,17,28,29,39,37,6,56487483000,56487483
552,1,10,20,32,35,40,43,10,57602386000,57602386
551,3,6,20,24,27,44,25,1,56989370000,56989370
550,1,7,14,20,34,37,41,11,56441770000,56441770
549,29,31,35,38,40,44,17,8,56864611000,56864611
548,1,12,13,21,32,45,14,8,57771827000,57771827
547,6,7,15,22,34,39,28,5,57968466000,57968466
546,8,17,20,27,37,43,6,30,56713166000,56713166
545,4,24,25,27,34,35,2,11,55967171000,55967171
544,5,17,21,25,36,44,10,13,56056189000,56056189
543,13,18,26,31,34,44,12,12,56570245000,56570245
542,5,6,19,26,41,45,34,6,56949161000,56949161
541,8,13,26,28,32,34,43,11,57087047000,57087047
540,3,12,13,15,34,36,14,7,56739658000,56739658
539,3,19,22,31,42,43,26,9,59168870000,59168870
538,6,10,18,31,32,34,11,3,59233373000,59233373
537,12,23,26,30,36,43,11,7,59453323000,59453323
536,7,8,18,32,37,43,12,11,59763469000,59763469
535,11,12,14,15,18,39,34,3,60523884000,60523884
534,10,24,26,29,37,38,32,1,59227462000,59227462
533,9,14,15,17,31,33,23,8,59275357000,59275357
532,16,17,23,24,29,44,3,7,61687384000,61687384
531,1,5,9,21,27,35,45,9,57567064000,57567064
530,16,23,27,29,33,41,22,11,56241083000,56241083
529,18,20,24,27,31,42,39,8,57645779000,57645779
528,5,17,25,31,39,40,10,11,57548541000,57548541
527,1,12,22,32,33,42,38,13,56985634000,56985634
526,7,14,17,20,35,39,31,9,56527807000,56527807
525,11,23,26,29,39,44,22,9,55566007000,55566007
524,10,11,29,38,41,45,21,4,55662103000,55662103
523,1,4,37,38,40,45,7,7,53678449000,53678449
522,4,5,13,14,37,41,11,6,57053378000,57053378
521,3,7,18,29,32,36,19,8,56185373000,56185373
520,4,22,27,28,38,40,1,6,55003797000,55003797
519,6,8,13,16,30,43,3,7,55614206000,55614206
518,14,23,30,32,34,38,6,6,55321566000,55321566
517,1,9,12,28,36,41,10,5,54468223000,54468223
516,2,8,23,41,43,44,30,11,56385762000,56385762
515,2,11,12,15,23,37,8,1,55258935000,55258935
514,1,15,20,26,35,42,9,3,54452404000,54452404
513,5,8,21,23,27,33,12,3,58317548000,58317548
512,4,5,9,13,26,27,1,13,54017801000,54017801
511,3,7,14,23,26,42,24,6,53970308000,53970308
510,12,29,32,33,39,40,42,5,53964992000,53964992
509,12,25,29,35,42,43,24,5,53390358000,53390358
508,5,27,31,34,35,43,37,8,54010391000,54010391
507,12,13,32,33,40,41,4,9,53638773000,53638773
506,6,9,11,22,24,30,31,3,52363311000,52363311
505,7,20,22,25,38,40,44,6,49103223000,49103223
504,6,14,22,26,43,44,31,9,51787037000,51787037
503,1,5,27,30,34,36,40,7,53572205000,53572205
502,6,22,28,32,34,40,26,6,54000640000,54000640
501,1,4,10,17,31,42,2,4,52717711000,52717711
500,3,4,12,20,24,34,41,9,54012267000,54012267
499,5,20,23,27,35,40,43,3,52767632000,52767632
498,13,14,24,32,39,41,3,4,52851253000,52851253
497,19,20,23,24,43,44,13,6,52411585000,52411585
496,4,13,20,29,36,41,39,4,52915804000,52915804
495,4,13,22,27,34,44,6,6,53645960000,53645960
494,5,7,8,15,30,43,22,12,53321589000,53321589
493,20,22,26,33,36,37,25,9,53231838000,53231838
492,22,27,31,35,37,40,42,5,51693454000,51693454
491,8,17,35,36,39,42,4,4,53413874000,53413874
490,2,7,26,29,40,43,42,7,52590121000,52590121
489,2,4,8,15,20,27,11,6,53558490000,53558490
488,2,8,17,30,31,38,25,10,54213092000,54213092
487,4,8,25,27,37,41,21,8,55276503000,55276503
486,1,2,23,25,38,40,43,13,54540823000,54540823
485,17,22,26,27,36,39,20,9,55692878000,55692878
484,1,3,27,28,32,45,11,6,55885979000,55885979
483,12,15,19,22,28,34,5,5,55582659000,55582659
482,1,10,16,24,25,35,43,7,56201452000,56201452
481,3,4,23,29,40,41,20,3,55642616000,55642616
480,3,5,10,17,30,31,16,4,55415681000,55415681
479,8,23,25,27,35,44,24,6,54848834000,54848834
478,18,29,30,37,39,43,8,14,54975901000,54975901
477,14,25,29,32,33,45,37,8,60801409000,60801409
476,9,12,13,15,37,38,27,4,55591819000,55591819
475,1,9,14,16,21,29,3,8,56043275000,56043275
474,4,13,18,31,33,45,43,15,58978482000,58978482
473,8,13,20,22,23,36,34,4,52867236000,52867236
472,16,25,26,31,36,43,44,7,51929207000,51929207
471,6,13,29,37,39,41,43,7,53492340000,53492340
470,10,16,20,39,41,42,27,3,53912965000,53912965
469,4,21,22,34,37,38,33,4,53364940000,53364940
468,8,13,15,28,37,43,17,9,55598552000,55598552
467,2,12,14,17,24,40,39,9,57383906000,57383906
466,4,10,13,23,32,44,20,9,58314753000,58314753
465,1,8,11,13,22,38,31,7,57793294000,57793294
464,6,12,15,34,42,44,4,13,1.26772E+11,126772274
463,23,29,31,33,34,44,40,0,49205151000,49205151
462,3,20,24,32,37,45,4,8,49325555000,49325555
461,11,18,26,31,37,40,43,6,50624588000,50624588
460,8,11,28,30,43,45,41,4,51917635000,51917635
459,4,6,10,14,25,40,12,7,49890095000,49890095
458,4,9,10,32,36,40,18,8,53778256000,53778256
457,8,10,18,23,27,40,33,10,49679052000,49679052
456,1,7,12,18,23,27,44,7,49420681000,49420681
455,4,19,20,26,30,35,24,7,48769851000,48769851
454,13,25,27,34,38,41,10,7,48389211000,48389211
453,12,24,33,38,40,42,30,5,48055125000,48055125
452,8,10,18,30,32,34,27,9,48456758000,48456758
451,12,15,20,24,30,38,29,13,49861167000,49861167
450,6,14,19,21,23,31,13,6,49732036000,49732036
449,3,10,20,26,35,43,36,3,50214272000,50214272
448,3,7,13,27,40,41,36,3,51341262000,51341262
447,2,7,8,9,17,33,34,4,49555042000,49555042
446,1,11,12,14,26,35,6,3,50595241000,50595241
445,13,20,21,30,39,45,32,7,50053080000,50053080
444,11,13,23,35,43,45,17,3,50673529000,50673529
443,4,6,10,19,20,44,14,9,51236072000,51236072
442,25,27,29,36,38,40,41,9,51219943000,51219943
441,1,23,28,30,34,35,9,4,50272122000,50272122
440,10,22,28,34,36,44,2,6,49810778000,49810778
439,17,20,30,31,37,40,25,6,49680708000,49680708
438,6,12,20,26,29,38,45,9,50370042000,50370042
437,11,16,29,38,41,44,21,6,50798417000,50798417
436,9,14,20,22,33,34,28,8,50869017000,50869017
435,8,16,26,30,38,45,42,10,52341267000,52341267
434,3,13,20,24,33,37,35,8,51579439000,51579439
433,19,23,29,33,35,43,27,11,52396606000,52396606
432,2,3,5,11,27,39,33,5,52348574000,52348574
431,18,22,25,31,38,45,6,10,51661947000,51661947
430,1,3,16,18,30,34,44,8,53194872000,53194872
429,3,23,28,34,39,42,16,9,53993833000,53993833
428,12,16,19,22,37,40,8,9,54685007000,54685007
427,6,7,15,24,28,30,21,1,52511055000,52511055
426,4,17,18,27,39,43,19,4,51466592000,51466592
425,8,10,14,27,33,38,3,8,50459694000,50459694
424,10,11,26,31,34,44,30,10,48728445000,48728445
423,1,17,27,28,29,40,5,3,49668311000,49668311
422,8,15,19,21,34,44,12,6,52730602000,52730602
421,6,11,26,27,28,44,30,5,47752021000,47752021
420,4,9,10,29,31,34,27,8,47345476000,47345476
419,2,11,13,14,28,30,7,3,46508296000,46508296
418,11,13,15,26,28,34,31,8,47058055000,47058055
417,4,5,14,20,22,43,44,4,45968256000,45968256
416,5,6,8,11,22,26,44,10,46854806000,46854806
415,7,17,20,26,30,40,24,8,46746048000,46746048
414,2,14,15,22,23,44,43,1,46910990000,46910990
413,2,9,15,23,34,40,3,4,46925724000,46925724
412,4,7,39,41,42,45,40,7,47066180000,47066180
411,11,14,22,35,37,39,5,12,47259122000,47259122
410,1,3,18,32,40,41,16,9,47467817000,47467817
409,6,9,21,31,32,40,38,4,47924584000,47924584
408,9,20,21,22,30,37,16,5,46406711000,46406711
407,6,7,13,16,24,25,1,7,48429586000,48429586
406,7,12,21,24,27,36,45,5,46062206000,46062206
405,1,2,10,25,26,44,4,3,45220904000,45220904
404,5,20,21,24,33,40,36,3,45389825000,45389825
403,10,14,22,24,28,37,26,5,44911335000,44911335
402,5,9,15,19,22,36,32,4,45002946000,45002946
401,6,12,18,31,38,43,9,9,43491965000,43491965
400,9,21,27,34,41,43,2,4,45379731000,45379731
399,1,2,9,17,19,42,20,8,45551786000,45551786
398,10,15,20,23,42,44,7,4,45427304000,45427304
397,12,13,17,22,25,33,8,3,45890007000,45890007
396,18,20,31,34,40,45,30,2,45463736000,45463736
395,11,15,20,26,31,35,7,7,46192580000,46192580
394,1,13,20,22,25,28,15,1,45192337000,45192337
393,9,16,28,40,41,43,21,8,45989116000,45989116
392,1,3,7,8,24,42,43,6,45528684000,45528684
391,10,11,18,22,28,39,30,1,45161516000,45161516
390,16,17,28,37,39,40,15,1,44189673000,44189673
389,7,16,18,20,23,26,3,5,45534027000,45534027
388,1,8,9,17,29,32,45,4,44308705000,44308705
387,1,26,31,34,40,43,20,4,45459960000,45459960
386,4,7,10,19,31,40,26,10,45907331000,45907331
385,7,12,19,21,29,32,9,7,46243483000,46243483
384,11,22,24,32,36,38,7,3,46888942000,46888942
383,4,15,28,33,37,40,25,3,46067051000,46067051
382,10,15,22,24,27,42,19,6,47401288000,47401288
381,1,5,10,12,16,20,11,19,47943113000,47943113
380,1,2,8,17,26,37,27,4,47164371000,47164371
379,6,10,22,31,35,40,19,7,47537685000,47537685
378,5,22,29,31,34,39,43,5,48866964000,48866964
377,6,22,29,37,43,45,23,3,49218434000,49218434
376,1,11,13,24,28,40,7,6,50657096000,50657096
375,4,8,19,25,27,45,7,7,47864938000,47864938
374,11,13,15,17,25,34,26,2,48081319000,48081319
373,15,26,37,42,43,45,9,4,47095065000,47095065
372,8,11,14,16,18,21,13,9,46167066000,46167066
371,7,9,15,26,27,42,18,7,45843166000,45843166
370,16,18,24,42,44,45,17,7,49762652000,49762652
369,17,20,35,36,41,43,21,6,46716275000,46716275
368,11,21,24,30,39,45,26,7,43746046000,43746046
367,3,22,25,29,32,44,19,7,46459307000,46459307
366,5,12,19,26,27,44,38,2,45962166000,45962166
365,5,15,21,25,26,30,31,1,45806066000,45806066
364,2,5,7,14,16,40,4,4,44192004000,44192004
363,11,12,14,21,32,38,6,4,44863948000,44863948
362,2,3,22,27,30,40,29,6,44336363000,44336363
361,5,10,16,24,27,35,33,7,45062676000,45062676
360,4,16,23,25,35,40,27,3,45719032000,45719032
359,1,10,19,20,24,40,23,8,45288256000,45288256
358,1,9,10,12,21,40,37,3,45651829000,45651829
357,10,14,18,21,36,37,5,2,45232409000,45232409
356,2,8,14,25,29,45,24,9,44684958000,44684958
355,5,8,29,30,35,44,38,5,45017050000,45017050
354,14,19,36,43,44,45,1,5,44709689000,44709689
353,11,16,19,22,29,36,26,2,44552925000,44552925
352,5,16,17,20,26,41,24,6,44719545000,44719545
351,5,25,27,29,34,36,33,4,43947492000,43947492
350,1,8,18,24,29,33,35,9,42681094000,42681094
349,5,13,14,20,24,25,36,3,43433870000,43433870
348,3,14,17,20,24,31,34,3,42786310000,42786310
347,3,8,13,27,32,42,10,7,44219740000,44219740
346,5,13,14,22,44,45,33,5,42862389000,42862389
345,15,20,23,29,39,42,2,2,43530937000,43530937
344,1,2,15,28,34,45,38,7,43838886000,43838886
343,1,10,17,29,31,43,15,6,43656460000,43656460
342,1,13,14,33,34,43,25,3,43782188000,43782188
341,1,8,19,34,39,43,41,7,44722448000,44722448
340,18,24,26,29,34,38,32,7,42892121000,42892121
339,6,8,14,21,30,37,45,9,42035640000,42035640
338,2,13,34,38,42,45,16,3,43136020000,43136020
337,1,5,14,18,32,37,4,8,43432467000,43432467
336,3,5,20,34,35,44,16,6,43069333000,43069333
335,5,9,16,23,26,45,21,5,43977478000,43977478
334,13,15,21,29,39,43,33,7,44439656000,44439656
333,5,14,27,30,39,43,35,7,46019070000,46019070
332,16,17,34,36,42,45,3,8,46042557000,46042557
331,4,9,14,26,31,44,39,5,46641467000,46641467
330,3,4,16,17,19,20,23,9,45859496000,45859496
329,9,17,19,30,35,42,4,6,47198504000,47198504
328,1,6,9,16,17,28,24,6,47316988000,47316988
327,6,12,13,17,32,44,24,12,45791560000,45791560
326,16,23,25,33,36,39,40,6,47224551000,47224551
325,7,17,20,32,44,45,33,6,46636979000,46636979
324,2,4,21,25,33,36,17,6,47988317000,47988317
323,10,14,15,32,36,42,3,8,49209477000,49209477
322,9,18,29,32,38,43,20,6,48948294000,48948294
321,12,18,20,21,25,34,42,6,50617982000,50617982
320,16,19,23,25,41,45,3,2,46659886000,46659886
319,5,8,22,28,33,42,37,5,45435183000,45435183
318,2,17,19,20,34,45,21,9,46663728000,46663728
317,3,10,11,22,36,39,8,4,44135114000,44135114
316,10,11,21,27,31,39,43,6,44073768000,44073768
315,1,13,33,35,43,45,23,8,44339180000,44339180
314,15,17,19,34,38,41,2,6,42328094000,42328094
313,9,17,34,35,43,45,2,6,43672096000,43672096
312,2,3,5,6,12,20,25,15,42255391000,42255391
311,4,12,24,27,28,32,10,8,43209215000,43209215
310,1,5,19,28,34,41,16,8,43718082000,43718082
309,1,2,5,11,18,36,22,11,44157528000,44157528
308,14,15,17,19,37,45,40,1,43339416000,43339416
307,5,15,21,23,25,45,12,4,43880990000,43880990
306,4,18,23,30,34,41,19,5,44421462000,44421462
305,7,8,18,21,23,39,9,5,43960659000,43960659
304,4,10,16,26,33,41,38,6,43158653000,43158653
303,2,14,17,30,38,45,43,6,42841760000,42841760
302,13,19,20,32,38,42,4,2,46382605000,46382605
301,7,11,13,33,37,43,26,7,44377177000,44377177
300,7,9,10,12,26,38,39,12,44465047000,44465047
299,1,3,20,25,36,45,24,7,44463909000,44463909
298,5,9,27,29,37,40,19,1,43151675000,43151675
297,6,11,19,20,28,32,34,2,43641475000,43641475
296,3,8,15,27,30,45,44,8,63377899000,63377899
295,1,4,12,16,18,38,8,0,42248135000,42248135
294,6,10,17,30,37,38,40,4,41563813000,41563813
293,1,9,17,21,29,33,24,6,42399708000,42399708
292,17,18,31,32,33,34,10,14,43394631000,43394631
291,3,7,8,18,20,42,45,7,44143418000,44143418
290,8,13,18,32,39,45,7,13,80362302000,80362302
289,3,14,33,37,38,42,10,0,39406643000,39406643
288,1,12,17,28,35,41,10,4,39970134000,39970134
287,6,12,24,27,35,37,41,7,40623489000,40623489
286,1,15,19,40,42,44,17,3,40944483000,40944483
285,13,33,37,40,41,45,2,3,40364871000,40364871
284,2,7,15,24,30,45,28,3,39773403000,39773403
283,6,8,18,31,38,45,42,3,40133316000,40133316
282,2,5,10,18,31,32,30,7,41051175000,41051175
281,1,3,4,6,14,41,12,6,40800514000,40800514
280,10,11,23,24,36,37,35,7,40673999000,40673999
279,7,16,31,36,37,38,11,5,41130542000,41130542
278,3,11,37,39,41,43,13,3,41088180000,41088180
277,10,12,13,15,25,29,20,3,41868708000,41868708
276,4,15,21,33,39,41,25,3,42567610000,42567610
275,14,19,20,35,38,40,26,1,42329813000,42329813
274,13,14,15,26,35,39,25,4,42631711000,42631711
273,1,8,24,31,34,44,6,3,42816211000,42816211
272,7,9,12,27,39,43,28,9,43310674000,43310674
271,3,8,9,27,29,40,36,6,40879633000,40879633
270,5,9,12,20,21,26,27,5,41845351000,41845351
269,5,18,20,36,42,43,32,5,41357619000,41357619
268,3,10,19,24,32,45,12,7,41213802000,41213802
267,7,8,24,34,36,41,1,3,41835853000,41835853
266,3,4,9,11,22,42,37,3,41937067000,41937067
265,5,9,34,37,38,39,12,8,40913922000,40913922
264,9,16,27,36,41,44,5,7,39783178000,39783178
263,1,27,28,32,37,40,18,6,39677128000,39677128
262,9,12,24,25,29,31,36,2,39232234000,39232234
261,6,11,16,18,31,43,2,3,41215041000,41215041
260,7,12,15,24,37,40,43,4,40140211000,40140211
259,4,5,14,35,42,45,34,2,40905570000,40905570
258,14,27,30,31,38,40,17,4,41364428000,41364428
257,6,13,27,31,32,37,4,4,41433637000,41433637
256,4,11,14,21,23,43,32,2,41996580000,41996580
255,1,5,6,24,27,42,32,6,41425341000,41425341
254,1,5,19,20,24,30,27,1,42259113000,42259113
253,8,19,25,31,34,36,33,4,42309347000,42309347
252,14,23,26,31,39,45,28,7,41207920000,41207920
251,6,7,19,25,28,38,45,8,44493014000,44493014
250,19,23,30,37,43,45,38,5,42122808000,42122808
249,3,8,27,31,41,44,11,6,42539134000,42539134
248,3,8,17,23,38,45,13,8,42348403000,42348403
247,12,15,28,36,39,40,13,6,42231698000,42231698
246,13,18,21,23,26,39,15,5,41453154000,41453154
245,9,11,27,31,32,38,22,7,41854623000,41854623
244,13,16,25,36,37,38,19,1,39411047000,39411047
243,2,12,17,19,28,42,34,4,41304830000,41304830
242,4,19,20,21,32,34,43,8,42679760000,42679760
241,2,16,24,27,28,35,21,4,43246894000,43246894
240,6,10,16,40,41,43,21,2,43603443000,43603443
239,11,15,24,39,41,44,7,9,43296565000,43296565
238,2,4,15,28,31,34,35,9,42952477000,42952477
237,1,11,17,21,24,44,33,7,43358287000,43358287
236,1,4,8,13,37,39,7,2,42941871000,42941871
235,21,22,26,27,31,37,8,3,43347391000,43347391
234,13,21,22,24,26,37,4,4,42814085000,42814085
233,4,6,13,17,28,40,39,10,43516805000,43516805
232,8,9,10,12,24,44,35,9,43564632000,43564632
231,5,10,19,31,44,45,27,9,42355627000,42355627
230,5,11,14,29,32,33,12,8,44191351000,44191351
229,4,5,9,11,23,38,35,7,44762989000,44762989
228,17,25,35,36,39,44,23,9,44764100000,44764100
227,4,5,15,16,22,42,2,2,44444776000,44444776
226,2,6,8,14,21,22,34,6,45145643000,45145643
225,5,11,13,19,31,36,7,6,46352016000,46352016
224,4,19,26,27,30,42,7,6,46435109000,46435109
223,1,3,18,20,26,27,38,7,46036874000,46036874
222,5,7,28,29,39,43,44,5,47735197000,47735197
221,2,20,33,35,37,40,10,6,47674135000,47674135
220,5,11,19,21,34,43,31,6,50383399000,50383399
219,4,11,20,26,35,37,16,9,46903745000,46903745
218,1,8,14,18,29,44,20,4,47018314000,47018314
217,16,20,27,33,35,39,38,7,48260644000,48260644
216,7,16,17,33,36,40,1,13,48342018000,48342018
215,2,3,7,15,43,44,4,7,47675761000,47675761
214,5,7,20,25,28,37,32,8,49195740000,49195740
213,2,3,4,5,20,24,42,8,48745094000,48745094
212,11,12,18,21,31,38,8,4,46139120000,46139120
211,12,13,17,20,33,41,8,10,45332675000,45332675
210,10,19,22,23,25,37,39,2,44757963000,44757963
209,2,7,18,20,24,33,37,6,43753377000,43753377
208,14,25,31,34,40,44,24,6,45516378000,45516378
207,3,11,14,31,32,37,38,5,45282336000,45282336
206,1,2,3,15,20,25,43,5,44326979000,44326979
205,1,3,21,29,35,37,30,6,46330516000,46330516
204,3,12,14,35,40,45,5,8,46077750000,46077750
203,1,3,11,24,30,32,7,5,47033359000,47033359
202,12,14,27,33,39,44,17,6,48304034000,48304034
201,3,11,24,38,39,44,26,1,42254768000,42254768
200,5,6,13,14,17,20,7,8,46640423000,46640423
199,14,21,22,25,30,36,43,2,45021068000,45021068
198,12,19,20,25,41,45,2,6,45614021000,45614021
197,7,12,16,34,42,45,4,6,45993306000,45993306
196,35,36,37,41,44,45,30,15,45773496000,45773496
195,7,10,19,22,35,40,31,11,44374725000,44374725
194,15,20,23,26,39,44,28,4,44511515000,44511515
193,6,14,18,26,36,39,13,3,43788477000,43788477
192,4,8,11,18,37,45,33,4,42035065000,42035065
191,5,6,24,25,32,37,8,4,44534869000,44534869
190,8,14,18,30,31,44,15,6,44864459000,44864459
189,8,14,32,35,37,45,28,3,43650551000,43650551
188,19,24,27,30,31,34,36,3,45176242000,45176242
187,1,2,8,18,29,38,42,7,45855961000,45855961
186,4,10,14,19,21,45,9,9,45484428000,45484428
185,1,2,4,8,19,38,14,3,45783088000,45783088
184,1,2,6,16,20,33,41,6,45503351000,45503351
183,2,18,24,34,40,42,5,6,45938460000,45938460
182,13,15,27,29,34,40,35,3,47222594000,47222594
181,14,21,23,32,40,45,44,6,49124446000,49124446
180,2,15,20,21,29,34,22,2,48895477000,48895477
179,5,9,17,25,39,43,32,10,47291694000,47291694
178,1,5,11,12,18,23,9,5,49582758000,49582758
177,1,10,13,16,37,43,6,7,50480325000,50480325
176,4,17,30,32,33,34,15,5,50488528000,50488528
175,19,26,28,31,33,36,17,5,50895147000,50895147
174,13,14,18,22,35,39,16,7,52340568000,52340568
173,3,9,24,30,33,34,18,8,52286521000,52286521
172,4,19,21,24,26,41,35,11,50758266000,50758266
171,4,16,25,29,34,35,1,6,50357474000,50357474
170,2,11,13,15,31,42,10,6,49718245000,49718245
169,16,27,35,37,43,45,19,5,52076183000,52076183
168,3,10,31,40,42,43,30,5,51496212000,51496212
167,24,27,28,30,36,39,4,5,52744392000,52744392
166,9,12,27,36,39,45,14,11,52157466000,52157466
165,5,13,18,19,22,42,31,2,58088118000,58088118
164,6,9,10,11,39,41,27,3,53052119000,53052119
163,7,11,26,28,29,44,16,7,49018952000,49018952
162,1,5,21,25,38,41,24,5,49050086000,49050086
161,22,34,36,40,42,45,44,7,53096453000,53096453
160,3,7,8,34,39,41,1,2,46833239000,46833239
159,1,18,30,41,42,43,32,6,44311926000,44311926
158,4,9,13,18,21,34,7,10,46368888000,46368888
157,19,26,30,33,35,39,37,2,46853365000,46853365
156,5,18,28,30,42,45,2,8,47344584000,47344584
155,16,19,20,32,33,41,4,9,46140202000,46140202
154,6,19,21,35,40,45,20,4,48022386000,48022386
153,3,8,11,12,13,36,33,4,47777735000,47777735
152,1,5,13,26,29,34,43,5,48180334000,48180334
151,1,2,10,13,18,19,15,4,47357067000,47357067
150,2,18,25,28,37,39,16,4,48763778000,48763778
149,2,11,21,34,41,42,27,7,48406950000,48406950
148,21,25,33,34,35,36,17,5,49523247000,49523247
147,4,6,13,21,40,42,36,7,50345605000,50345605
146,2,19,27,35,41,42,25,2,50677555000,50677555
145,2,3,13,20,27,44,9,3,48913832000,48913832
144,4,15,17,26,36,37,43,8,49202521000,49202521
143,26,27,28,42,43,45,8,3,49415357000,49415357
142,12,16,30,34,40,44,19,11,48012844000,48012844
141,8,12,29,31,42,43,2,6,48016958000,48016958
140,3,13,17,18,19,28,8,5,45983464000,45983464
139,9,11,15,20,28,43,13,7,48371085000,48371085
138,10,11,27,28,37,39,19,5,47688450000,47688450
137,7,9,20,25,36,39,15,9,49978654000,49978654
136,2,16,30,36,41,42,11,6,51144633000,51144633
135,6,14,22,28,35,39,16,7,51062672000,51062672
134,3,12,20,23,31,35,43,5,50445575000,50445575
133,4,7,15,18,23,26,13,8,50889926000,50889926
132,3,17,23,34,41,45,43,4,49921897000,49921897
131,8,10,11,14,15,21,37,8,50231773000,50231773
130,7,19,24,27,42,45,31,4,51359012000,51359012
129,19,23,25,28,38,42,17,11,51555754000,51555754
128,12,30,34,36,37,45,39,6,52310392000,52310392
127,3,5,10,29,32,43,35,6,50752603000,50752603
126,7,20,22,27,40,43,1,9,52748965000,52748965
125,2,8,32,33,35,36,18,7,53149705000,53149705
124,4,16,23,25,29,42,1,9,54180838000,54180838
123,7,17,18,28,30,45,27,5,54097448000,54097448
122,1,11,16,17,36,40,8,9,56171704000,56171704
121,12,28,30,34,38,43,9,2,57134544000,57134544
120,4,6,10,11,32,37,30,3,57418983000,57418983
119,3,11,13,14,17,21,38,9,57800632000,57800632
118,3,4,10,17,19,22,38,10,57171934000,57171934
117,5,10,22,34,36,44,35,9,59429610000,59429610
116,2,4,25,31,34,37,17,7,61606084000,61606084
115,1,2,6,9,25,28,31,9,59130557000,59130557
114,11,14,19,26,28,41,2,6,60079401000,60079401
113,4,9,28,33,36,45,26,9,59258248000,59258248
112,26,29,30,33,41,42,43,9,59292005000,59292005
111,7,18,31,33,36,40,27,6,57876999000,57876999
110,7,20,22,23,29,43,1,3,57625490000,57625490
109,1,5,34,36,42,44,33,12,62584098000,62584098
108,7,18,22,23,29,44,12,7,58875228000,58875228
107,1,4,5,6,9,31,17,2,57545202000,57545202
106,4,10,12,22,24,33,29,16,57384485000,57384485
105,8,10,20,34,41,45,28,4,57479716000,57479716
104,17,32,33,34,42,44,35,2,56533705000,56533705
103,5,14,15,27,30,45,10,8,57420615000,57420615
102,17,22,24,26,35,40,42,9,56937962000,56937962
101,1,3,17,32,35,45,8,5,57585065000,57585065
100,1,7,11,23,37,42,6,4,56561977000,56561977
99,1,3,10,27,29,37,11,6,56207491000,56207491
98,6,9,16,23,24,32,43,4,56231084000,56231084
97,6,7,14,15,20,36,3,9,57713200000,57713200
96,1,3,8,21,22,31,20,7,54217572000,54217572
95,8,17,27,31,34,43,14,8,60077493000,60077493
94,5,32,34,40,41,45,6,6,57144729000,57144729
93,6,22,24,36,38,44,19,6,57236313000,57236313
92,3,14,24,33,35,36,17,11,58296001000,58296001
91,1,21,24,26,29,42,27,4,59061052000,59061052
90,17,20,29,35,38,44,10,4,55493544000,55493544
89,4,26,28,29,33,40,37,3,55102179000,55102179
88,1,17,20,24,30,41,27,4,51910612000,51910612
87,4,12,16,23,34,43,26,11,83793642000,41896821
86,2,12,37,39,41,45,33,1,59835968000,29917984
85,6,8,13,23,31,36,21,4,59451304000,29725652
84,16,23,27,34,42,45,11,2,62780760000,31390380
83,6,10,15,17,19,34,14,2,62512062000,31256031
82,1,2,3,14,27,42,39,1,61302808000,30651404
81,5,7,11,13,20,33,6,5,60983308000,30491654
80,17,18,24,25,26,30,1,1,60160440000,30080220
79,3,12,24,27,30,32,14,4,60390004000,30195002
78,10,13,25,29,33,35,38,4,61257794000,30628897
77,2,18,29,32,43,44,37,3,64420666000,32210333
76,1,3,15,22,25,37,43,2,65083924000,32541962
75,2,5,24,32,34,44,28,4,66138372000,33069186
74,6,15,17,18,35,40,23,3,68902158000,34451079
73,3,12,18,32,40,43,38,6,72635862000,36317931
72,2,4,11,17,26,27,1,13,1.25651E+11,62825607
71,5,9,12,16,29,41,21,0,62889986000,31444993
70,5,19,22,25,28,43,26,3,63232578000,31616289
69,5,8,14,15,19,39,35,3,63711302000,31855651
68,10,12,15,16,26,39,38,5,63813236000,31906618
67,3,7,10,15,36,38,33,7,64314872000,32157436
66,2,3,7,17,22,24,45,4,63378796000,31689398
65,4,25,33,36,40,43,39,4,66685144000,33342572
64,14,15,18,21,26,36,39,4,65085154000,32542577
63,3,20,23,36,38,40,5,2,67074050000,33537025
62,3,8,15,27,29,35,21,1,66740368000,33370184
61,14,15,19,30,38,43,8,5,73312994000,36656497
60,2,8,25,36,39,42,11,7,65405936000,32702968
59,6,29,36,39,41,45,13,4,67563698000,33781849
58,10,24,25,33,40,44,1,4,66638136000,33319068
57,7,10,16,25,29,44,6,4,70132666000,35066333
56,10,14,30,31,33,37,19,4,65258932000,32629466
55,17,21,31,37,40,44,7,2,62195764000,31097882
54,1,8,21,27,36,39,37,3,63833006000,31916503
53,7,8,14,32,33,39,42,3,64996010000,32498005
52,2,4,15,16,20,29,1,4,64393446000,32196723
51,2,3,11,16,26,44,35,6,62553680000,31276840
50,2,10,12,15,22,44,1,3,65563234000,32781617
49,4,7,16,19,33,40,30,7,64501142000,32250571
48,6,10,18,26,37,38,3,6,65806832000,32903416
47,14,17,26,31,36,45,27,5,67756694000,33878347
46,8,13,15,23,31,38,39,3,68181568000,34090784
45,1,10,20,27,33,35,17,2,71216232000,35608116
44,3,11,21,30,38,45,39,5,69956950000,34978475
43,6,31,35,38,39,44,1,1,74686296000,37343148
42,17,18,19,21,23,32,1,6,1.1991E+11,59954870
41,13,20,23,35,38,43,34,0,57624562000,28812281
40,7,13,18,19,25,26,6,13,65699086000,32849543
39,6,7,13,15,21,43,8,6,66094476000,33047238
38,16,17,22,30,37,43,36,3,67369284000,33684642
37,7,27,30,33,35,37,42,3,65509794000,32754897
36,1,10,23,26,28,40,31,1,66856686000,33428343
35,2,3,11,26,37,43,39,3,66143062000,33071531
34,9,26,35,37,40,42,2,5,69389894000,34694947
33,4,7,32,33,40,41,9,1,67457252000,33728626
32,6,14,19,25,34,44,11,10,71179198000,35589599
31,7,9,18,23,28,35,32,2,71317306000,35658653
30,8,17,20,35,36,44,4,2,72399690000,36199845
29,1,5,13,34,39,40,11,5,74523120000,37261560
28,9,18,23,25,35,37,1,10,75448366000,37724183
27,1,20,26,28,37,43,27,2,76145050000,38072525
26,4,5,7,18,20,25,31,5,80193026000,40096513
25,2,4,21,26,43,44,16,2,1.20074E+11,60036884
24,7,8,27,29,36,43,6,0,78486634000,39243317
23,5,13,17,18,33,42,44,4,77374256000,38687128
22,4,5,6,8,17,39,25,4,79455152000,39727576
21,6,12,17,18,31,32,21,23,84247142000,42123571
20,10,14,18,20,23,30,41,1,81056776000,40528388
19,6,30,38,39,40,43,26,1,1.05958E+11,52978909
18,3,12,13,19,32,35,29,0,66371660000,33185830
17,3,4,9,17,32,37,1,3,72718152000,36359076
16,6,7,24,37,38,40,33,4,75777348000,37888674
15,3,4,16,30,31,37,13,1,73264910000,36632455
14,2,6,12,31,33,40,15,4,99838648000,49919324
13,22,23,25,37,38,42,26,0,66532136000,33266068
12,2,11,21,25,39,45,44,12,76255508000,38127754
11,1,7,36,37,41,42,14,5,91925306000,45962653
10,9,25,30,33,41,44,6,13,2.60856E+11,130428196
9,2,4,16,17,36,39,14,0,73624020000,36812010
8,8,19,25,34,37,39,9,0,20751450000,10375725
7,2,9,16,25,26,40,42,0,12794890000,6397445
6,14,15,26,27,40,42,34,1,15305356000,7652678
5,16,24,29,40,41,42,3,0,6277102000,3138551
4,14,27,30,31,40,42,2,0,5271464000,2635732
3,11,16,19,21,27,31,30,1,4729342000,2364671
2,9,13,21,25,32,42,2,1,4904274000,2452137
1,10,23,29,33,37,40,16,0,3681782000,1840891
